fetched_at_utc,url,status,bytes,saved_as,note
2026-07-27T08:39:52Z,https://icfpcontest2026.com/,200,2206,site/index.html,text/html
2026-07-27T08:39:53Z,https://icfpcontest2026.com/robots.txt,200,24,site/robots.txt,text/plain
2026-07-27T08:39:54Z,https://icfpcontest2026.com/assets/index-RPCgG-2I.js,200,334968,site/assets/index-RPCgG-2I.js,text/javascript
2026-07-27T08:39:55Z,https://icfpcontest2026.com/assets/ui-wC2GCM-8.js,200,66167,site/assets/ui-wC2GCM-8.js,text/javascript
2026-07-27T08:39:56Z,https://icfpcontest2026.com/assets/index-nAJqvgeH.css,200,7442,site/assets/index-nAJqvgeH.css,text/css
2026-07-27T08:40:41Z,https://icfpcontest2026.com/assets/textbook-CVa1F6Fa.js,200,35630,site/assets/textbook-CVa1F6Fa.js,text/javascript
2026-07-27T08:40:42Z,https://icfpcontest2026.com/assets/use-compact-C_MUT35M.js,200,446,site/assets/use-compact-C_MUT35M.js,text/javascript
2026-07-27T08:40:43Z,https://icfpcontest2026.com/assets/embed-DpaTuuw2.js,200,215166,site/assets/embed-DpaTuuw2.js,text/javascript
2026-07-27T08:40:44Z,https://icfpcontest2026.com/assets/submissions-DTlaa-GJ.js,200,638,site/assets/submissions-DTlaa-GJ.js,text/javascript
2026-07-27T08:40:45Z,https://icfpcontest2026.com/assets/submissions-list-OfFDxTxm.js,200,9309,site/assets/submissions-list-OfFDxTxm.js,text/javascript
2026-07-27T08:40:46Z,https://icfpcontest2026.com/assets/problem-program-memory-DBF3b7K5.js,200,356,site/assets/problem-program-memory-DBF3b7K5.js,text/javascript
2026-07-27T08:40:48Z,https://icfpcontest2026.com/assets/score-DbyPN9BI.js,200,673,site/assets/score-DbyPN9BI.js,text/javascript
2026-07-27T08:40:49Z,https://icfpcontest2026.com/assets/split-ic41iA3M.js,200,1138,site/assets/split-ic41iA3M.js,text/javascript
2026-07-27T08:40:50Z,https://icfpcontest2026.com/assets/markdown-BsxJybUU.js,200,1677,site/assets/markdown-BsxJybUU.js,text/javascript
2026-07-27T08:40:51Z,https://icfpcontest2026.com/assets/rules-DO1MkddK.js,200,3484,site/assets/rules-DO1MkddK.js,text/javascript
2026-07-27T08:40:52Z,https://icfpcontest2026.com/assets/reset-password-BYmTQlyd.js,200,1458,site/assets/reset-password-BYmTQlyd.js,text/javascript
2026-07-27T08:40:53Z,https://icfpcontest2026.com/assets/queue-73b_aSne.js,200,1514,site/assets/queue-73b_aSne.js,text/javascript
2026-07-27T08:40:54Z,https://icfpcontest2026.com/assets/problem-sets-94WWFsWp.js,200,4213,site/assets/problem-sets-94WWFsWp.js,text/javascript
2026-07-27T08:40:55Z,https://icfpcontest2026.com/assets/problem-order-BQKUI1UZ.js,200,206,site/assets/problem-order-BQKUI1UZ.js,text/javascript
2026-07-27T08:40:56Z,https://icfpcontest2026.com/assets/login-BbL5TKf9.js,200,3374,site/assets/login-BbL5TKf9.js,text/javascript
2026-07-27T08:40:57Z,https://icfpcontest2026.com/assets/turnstile-8JeIJAjr.js,200,992,site/assets/turnstile-8JeIJAjr.js,text/javascript
2026-07-27T08:40:59Z,https://icfpcontest2026.com/assets/language-reference-LNnBKpg7.js,200,22116,site/assets/language-reference-LNnBKpg7.js,text/javascript
2026-07-27T08:41:00Z,https://icfpcontest2026.com/assets/use-hash-scroll-CjuUsenc.js,200,313,site/assets/use-hash-scroll-CjuUsenc.js,text/javascript
2026-07-27T08:41:01Z,https://icfpcontest2026.com/assets/grading-DmOQZaI1.js,200,10945,site/assets/grading-DmOQZaI1.js,text/javascript
2026-07-27T08:41:02Z,https://icfpcontest2026.com/assets/forgot-password-DXoK7PXI.js,200,1455,site/assets/forgot-password-DXoK7PXI.js,text/javascript
2026-07-27T08:41:03Z,https://icfpcontest2026.com/assets/editor-help-DFGblheL.js,200,6578,site/assets/editor-help-DFGblheL.js,text/javascript
2026-07-27T08:41:04Z,https://icfpcontest2026.com/assets/editor-D96766pP.js,200,965,site/assets/editor-D96766pP.js,text/javascript
2026-07-27T08:41:05Z,https://icfpcontest2026.com/assets/documentation-i11iVn-a.js,200,1334,site/assets/documentation-i11iVn-a.js,text/javascript
2026-07-27T08:41:06Z,https://icfpcontest2026.com/assets/dashboard-Ckz2GJti.js,200,3508,site/assets/dashboard-Ckz2GJti.js,text/javascript
2026-07-27T08:41:07Z,https://icfpcontest2026.com/assets/api-help-DCPAiA-X.js,200,4130,site/assets/api-help-DCPAiA-X.js,text/javascript
2026-07-27T08:41:08Z,https://icfpcontest2026.com/assets/admin-queue-DsNmmi2X.js,200,5128,site/assets/admin-queue-DsNmmi2X.js,text/javascript
2026-07-27T08:41:10Z,https://icfpcontest2026.com/assets/admin-D2l8D6uW.js,200,6564,site/assets/admin-D2l8D6uW.js,text/javascript
2026-07-27T08:41:11Z,https://icfpcontest2026.com/assets/routes-Cch8rKTw.js,200,11758,site/assets/routes-Cch8rKTw.js,text/javascript
2026-07-27T08:41:12Z,https://icfpcontest2026.com/assets/standings.index-DrQ0bEoZ.js,200,526,site/assets/standings.index-DrQ0bEoZ.js,text/javascript
2026-07-27T08:41:13Z,https://icfpcontest2026.com/assets/standings-tables-BzyD4PvT.js,200,7278,site/assets/standings-tables-BzyD4PvT.js,text/javascript
2026-07-27T08:41:14Z,https://icfpcontest2026.com/assets/standings.problems-BbuXJUWW.js,200,1223,site/assets/standings.problems-BbuXJUWW.js,text/javascript
2026-07-27T08:41:15Z,https://icfpcontest2026.com/assets/standings._slug-Cfd82l1m.js,200,886,site/assets/standings._slug-Cfd82l1m.js,text/javascript
2026-07-27T08:41:16Z,https://icfpcontest2026.com/assets/problems._slug.index-D6FkTHEc.js,200,5537,site/assets/problems._slug.index-D6FkTHEc.js,text/javascript
2026-07-27T08:41:17Z,https://icfpcontest2026.com/assets/problem-reference-hH4omBVn.js,200,13074,site/assets/problem-reference-hH4omBVn.js,text/javascript
2026-07-27T08:41:18Z,https://icfpcontest2026.com/assets/standings.team._teamId-8wH-TAY_.js,200,1471,site/assets/standings.team._teamId-8wH-TAY_.js,text/javascript
2026-07-27T08:41:19Z,https://icfpcontest2026.com/assets/problems._slug.editor-D1YB-jIc.js,200,2747,site/assets/problems._slug.editor-D1YB-jIc.js,text/javascript
2026-07-27T08:41:40Z,https://icfpcontest2026.com/favicon.svg,200,874,site/favicon.svg,image/svg+xml
2026-07-27T08:41:41Z,https://icfpcontest2026.com/favicon.ico,200,15086,site/favicon.ico,image/vnd.microsoft.icon
2026-07-27T08:41:42Z,https://icfpcontest2026.com/apple-touch-icon.png,200,4283,site/apple-touch-icon.png,image/png
2026-07-27T08:41:43Z,https://icfpcontest2026.com/og.png,200,35642,site/og.png,image/png
2026-07-27T08:41:44Z,https://icfpcontest2026.com/ascii.txt,200,977,site/ascii.txt,text/plain
2026-07-27T08:41:45Z,https://icfpcontest2026.com/fonts/lato-v25-latin-regular.woff2,200,23580,site/fonts/lato-v25-latin-regular.woff2,font/woff2
2026-07-27T08:41:46Z,https://icfpcontest2026.com/fonts/lato-v25-latin-italic.woff2,200,24408,site/fonts/lato-v25-latin-italic.woff2,font/woff2
2026-07-27T08:41:48Z,https://icfpcontest2026.com/fonts/lato-v25-latin-700.woff2,200,23040,site/fonts/lato-v25-latin-700.woff2,font/woff2
2026-07-27T08:41:49Z,https://icfpcontest2026.com/fonts/lato-v25-latin-700italic.woff2,200,24448,site/fonts/lato-v25-latin-700italic.woff2,font/woff2
2026-07-27T08:41:50Z,https://icfpcontest2026.com/site.webmanifest,200,2206,site/site.webmanifest,text/html
2026-07-27T08:41:51Z,https://icfpcontest2026.com/sitemap.xml,200,2206,site/sitemap.xml,text/html
